"Station Code","STORE NAME","Store ID","Total COD Shipments Amount","Due Amount","Unreconciled %","Latest Active Date / Days","Latest Transaction / Date","Action Required"
"DEX5","MARKET MAKA","8638059992",760357.2399999999,168609.24,0.22175002897322318,58,67,""
"DEX5","Turkey","2960600661",667966.0700000001,166685.07,0.249541222954633,58,67,""
"DEX5","Eissa Coffee","4197522754",778288.6800000002,153401.68,0.19710126067874964,58,67,""
"DEX5","Makka market","9377657720",399169.17,110529.17,0.27689806304429776,58,67,""
"DEX5","toffy","4126454127",361997.9,109502.9,0.30249595370580873,41,36,""
"DEX5","market wael","5717666393",1167722.8599999999,108754.86,0.09313413629668944,15,31,""
"DEX5","Noor Phone","6376233374",256864.27,92847.27,0.36146432510835397,14,15,""
"DEX5","bazar fuad","9884842152",232000.51,85000.51,0.3663807032148334,35,8,""
"DEX5","ORGAERA","1385400645",398562.6899999999,78785.69,0.19767452392495652,58,67,""
"DEX5","Abo iessa","8578470998",1201698.7599999998,78270.76,0.06513342828114428,57,67,""
"DEX5","بازار محمد الزعيم","9735452235",252369.23,67546.23,0.2676484371727884,23,55,""
"DEX5","مكتبة ورقه وقلم","1228844307",409785.3199999999,64531.32,0.15747591934235228,58,67,""
"DEX5","Kimo Phone","2957899808",498858.9799999999,60785.48,0.12184902434752204,9,9,""
"DEX5","mushtal alnasr","3710022338",108280.22,53490.22,0.49399807277820457,58,60,""
"DEX5","طيور النجار","7649403763",352031.20000000007,48829.2,0.13870702369562693,4,23,""
"DEX5","KAREM SALON","2394073037",811977.7400000001,47409.74,0.05838797994634679,12,7,""
"DEX5","maktabat almisri","8350300197",75337.70999999999,46487.71,0.6170576461641853,14,54,""
"DEX5","CROP","5104266348",157682.53000000003,44987.53,0.2853044658783696,15,19,""
"DEX5","DRy clean elkoptan","9421433420",1369638.6700000002,44948.67,0.032817903717627946,9,24,""
"DEX5","بازار الدخاخني 2","8437053544",1302531.9299999997,44486.18,0.03415361955848561,9,9,""
"DEX5","DOCTORZ COMBANY","4937562082",1250081.16,44411.16,0.03552662132753045,56,62,""
"DEX5","Sky for Travel","9035637147",331555.05,36340.05,0.10960487557043695,9,10,""
"DEX5","Abu Fares Accessories","7775011772",260288.01,32955.01,0.12660978890268515,109,117,""
"DEX5","Misho","9133473426",141326.87,31936.87,0.22597875407556964,16,16,""
"DEX5","ماركت رحيم","9951235440",1345859.7099999995,24262.71,0.018027666494303488,9,17,""
"DEX5","صابركو للأدوات الصحيه","8408983777",283846.1099999999,23403.11,0.08244999376598822,32,63,""
"DEX5","Yahya Roastery","3671590930",710078.32,22507.32,0.031696954217669965,64,62,""
"DEX5","Tota&#39;s Barber Shop",,285399.91,22343.91,0.07828982847261585,9,9,""
"DEX5","Engineering for Electrical Works","7567541152",715622.26,21550.26,0.03011401573785589,9,10,""
"DEX5","Bashir vegetables","5105389640",1839822.69,20718.25,0.011261003635083987,9,6,""
"DEX5","المعلم ماركت","5353831907",1784841.9000000006,19595.65,0.010978927601374663,15,14,""
"DEX5","بلايستيشن فوكس","5608949960",1571337,17639,0.011225472320705233,2,2,""
"DEX5","الدخاخني","4712586433",1889013.31,17590.31,0.009311903683727883,9,8,""
"DEX5","جنه للأدوات الصحيه","8919345927",249868.48,17335.48,0.06937841859845627,32,63,""
"DEX5","الاميره ماركت","3704402730",611765.0100000002,16665.01,0.027240868188914552,14,22,""
"DEX5","Engiz Services","7484062773",918910.17,15995.17,0.017406674256309516,9,9,""
"DEX5","على العجلاتى","3494052535",81782.47,14772.47,0.18063125263886012,2,20,""
"DEX5","najm Electric","9488002681",34006.07,14496.07,0.4262788966793281,58,78,""
"DEX5","Asmak alfth","2869596875",1922785.5599999998,13732.56,0.007142013277861313,9,9,""
"DEX5","Republic Dry Clean","3976106944",356941.61,13408.61,0.03756527573235298,9,9,""
"DEX5","DRY CLEAN SPORTING","5361325787",973545.2000000001,12199.2,0.012530697085250895,9,8,""
"DEX5","Akram","2448666054",957647.5100000001,10630.51,0.011100650175553632,15,14,""
"DEX5","ماركت أولاد رجب","8739400810",395966.61999999994,10071.62,0.025435527873536416,2,17,""
"DEX5","المعلم 2","6962867409",1340176.2300000002,9888.23,0.007378305762071304,9,5,""
"DEX5","Kimo&amp;amp;#39;s Computer","5342604470",291046.29,8438.29,0.02899294816642398,14,17,""
"DEX5","BOB MARLEY","9542194283",292263.86,6869.86,0.023505677369757588,9,9,""
"DEX5","awlad alshaykh","7667879622",37583.909999999996,5892.91,0.15679342569732635,29,29,""
"DEX5","إبن حميدو","1368688739",81408.93999999999,4993.94,0.06134387697469099,43,63,""
"DEX5","الياسمين ماركت","3358752758",328588.05,4860.05,0.01479070830482119,2,17,""
"DEX5","Al-Hawari Furniture","3297312970",761708.9,4525.9,0.005941771193693548,14,11,""
"DEX5","ALEX TECHNO","9123848905",429715.38999999996,2643.89,0.006152653736697679,2,8,""
"DEX5","bazar aleumda","3990842874",95694.26,2509.26,0.02622163544605497,39,37,""
"DEX5","الديري 2","8320226745",1586220.62,1531.62,0.0009655781678087124,15,14,""
"DEX5","Al-Mawas Company","8463737398",85381.48,1281.48,0.015008875461048463,58,58,""
"DEX5","RUQAN MARKET","3051255188",187355.46000000002,1278.46,0.0068237135976715055,2,1,""
"DEX5","BLACK& WAhite","4483899565",914876.94,1134.94,0.0012405384269495306,14,13,""
"DEX5","Down","5033808212",1552878.58,902.08,0.000580908263928787,14,14,""
"DEX5","ماركت عصام","5196854048",378062.14999999997,857.15,0.002267219820868077,9,8,""
"DEX5","Al-Hawari and Al-Farouk Furniture","2901346236",890524.28,511.28,0.0005741337002063548,9,9,""
"DEX5","fathat khayr","3999385818",14252.22,372.22,0.02611663305786748,14,11,""
"DEX5","Perfect","3182541476",66815.14,37.14,0.0005558620396514922,14,11,""
"DEX5","Tweety","4438668684",1013583.03,0.03,2.959796988708463e-8,30,25,""
"DEX5","ماركت الخديوي","8711180110",6544.58,0,0,14,,""
"DEX5","محروس للأدوات المنزليه","7987143556",647.0600000000001,0,0,13,,""
"DEX5","DOSKY SALON","2300403232",188180.64,-0.36,-0.000001913055455651548,32,25,""
"DEX5","Two m","8549083594",1145486.17,-0.83,-7.245831697819626e-7,9,4,""
"DEX5","Market alkhidiwy","8660681847",19473.679999999997,-1.32,-0.00006778379843974021,97,95,""
"DEX5","مكتبة المستر","8630444140",1468723.5300000003,-1.47,-0.000001000869101620507,14,8,""
"DEX5","Pet food","3221758880",579341.56,-3.44,-0.000005937775290969976,9,4,""
"DEX5","طلعت المصري","3207812612",45259.340000000004,-15.16,-0.00033495848591694,14,14,""
"DEX5","alakhua","2417925574",132169.54,-103.46,-0.0007827824777176344,18,16,""
"DEX5","معاذ ماركت","7469375621",34739.95,-225.05,-0.006478132524658211,15,15,""
"DEX5","Better mashal","2595755757",729060.33,-444.67,-0.0006099220897123836,15,14,""
"DEX5","مكتبة الوسام","4718866738",685401.56,-1252.44,-0.001827308359204785,9,9,""
"DEX5","Al-Fath Laundry","1151800427",1122987.53,-1605.47,-0.0014296418767891395,9,9,""
"DEX5","الديري","6852304055",1110606.1199999999,-13074.38,-0.011772292412723245,9,8,""
"DEX5","DOWN 2","5157004524",708589.0899999999,-14650.91,-0.020676172138072296,14,14,""
